-- phpMyAdmin SQL Dump
-- version 5.0.3
-- https://www.phpmyadmin.net/
--
-- Host: 127.0.0.1
-- Generation Time: Jul 23, 2021 at 09:28 PM
-- Server version: 10.4.14-MariaDB
-- PHP Version: 7.4.11

SET SQL_MODE = "NO_AUTO_VALUE_ON_ZERO";
START TRANSACTION;
SET time_zone = "+00:00";


/*!40101 SET @OLD_CHARACTER_SET_CLIENT=@@CHARACTER_SET_CLIENT */;
/*!40101 SET @OLD_CHARACTER_SET_RESULTS=@@CHARACTER_SET_RESULTS */;
/*!40101 SET @OLD_COLLATION_CONNECTION=@@COLLATION_CONNECTION */;
/*!40101 SET NAMES utf8mb4 */;

--
-- Database: `storedb`
--

-- --------------------------------------------------------

--
-- Table structure for table `app_clients`
--

CREATE TABLE `app_clients` (
  `ClientId` int(10) UNSIGNED NOT NULL,
  `Name` varchar(40) NOT NULL,
  `PhoneNumber` varchar(15) NOT NULL,
  `Email` varchar(40) NOT NULL,
  `Address` varchar(50) NOT NULL
) ENGINE=InnoDB DEFAULT CHARSET=utf8;

-- --------------------------------------------------------

--
-- Table structure for table `app_employees`
--

CREATE TABLE `app_employees` (
  `id` int(10) UNSIGNED NOT NULL,
  `name` varchar(50) NOT NULL,
  `age` tinyint(2) NOT NULL,
  `salary` decimal(6,2) NOT NULL,
  `tax` decimal(3,2) NOT NULL,
  `address` varchar(100) NOT NULL,
  `gender` int(11) NOT NULL,
  `theType` int(11) NOT NULL,
  `os` varchar(100) DEFAULT NULL,
  `notes` varchar(250) DEFAULT NULL
) ENGINE=InnoDB DEFAULT CHARSET=utf8;

-- --------------------------------------------------------

--
-- Table structure for table `app_expenses_categories`
--

CREATE TABLE `app_expenses_categories` (
  `ExpenseId` tinyint(3) UNSIGNED NOT NULL,
  `ExpenseName` varchar(30) NOT NULL,
  `FixedPayment` decimal(7,2) NOT NULL
) ENGINE=InnoDB DEFAULT CHARSET=utf8;

-- --------------------------------------------------------

--
-- Table structure for table `app_expenses_daily_list`
--

CREATE TABLE `app_expenses_daily_list` (
  `DExpenseId` int(10) UNSIGNED NOT NULL,
  `ExpenseId` tinyint(3) UNSIGNED NOT NULL,
  `Payment` decimal(7,2) NOT NULL,
  `Created` datetime NOT NULL,
  `UserId` int(10) UNSIGNED NOT NULL
) ENGINE=InnoDB DEFAULT CHARSET=utf8;

-- --------------------------------------------------------

--
-- Table structure for table `app_notifications`
--

CREATE TABLE `app_notifications` (
  `NotificationId` int(10) UNSIGNED NOT NULL,
  `Title` varchar(30) NOT NULL,
  `Content` varchar(255) NOT NULL,
  `Type` tinyint(2) NOT NULL,
  `Created` datetime NOT NULL,
  `UserId` int(10) UNSIGNED NOT NULL,
  `Seen` tinyint(1) DEFAULT NULL
) ENGINE=InnoDB DEFAULT CHARSET=utf8;

-- --------------------------------------------------------

--
-- Table structure for table `app_products_categories`
--

CREATE TABLE `app_products_categories` (
  `CategoryId` int(10) UNSIGNED NOT NULL,
  `Name` varchar(30) NOT NULL,
  `Image` varchar(40) DEFAULT NULL
) ENGINE=InnoDB DEFAULT CHARSET=utf8;

--
-- Dumping data for table `app_products_categories`
--

INSERT INTO `app_products_categories` (`CategoryId`, `Name`, `Image`) VALUES
(14, 'الاجهزة الالكترونية', 'cgv4zw_xzlxbp_egfiyx_ktmjy1_njg1lm.jpg');

-- --------------------------------------------------------

--
-- Table structure for table `app_products_list`
--

CREATE TABLE `app_products_list` (
  `ProductId` int(10) UNSIGNED NOT NULL,
  `CategoryId` int(10) UNSIGNED NOT NULL,
  `Name` varchar(50) NOT NULL,
  `Image` varchar(40) DEFAULT NULL,
  `Quantity` smallint(5) UNSIGNED NOT NULL,
  `BuyPrice` decimal(6,2) NOT NULL,
  `Unit` tinyint(1) NOT NULL,
  `BarCode` char(20) DEFAULT NULL,
  `SellPrice` decimal(6,2) NOT NULL
) ENGINE=InnoDB DEFAULT CHARSET=utf8;

--
-- Dumping data for table `app_products_list`
--

INSERT INTO `app_products_list` (`ProductId`, `CategoryId`, `Name`, `Image`, `Quantity`, `BuyPrice`, `Unit`, `BarCode`, `SellPrice`) VALUES
(2, 14, 'رام', 'cmftsw_00lmpw_zyqyys_qwnyr5_zu5du0.jpg', 65, '60.00', 4, NULL, '65.00');

-- --------------------------------------------------------

--
-- Table structure for table `app_purchases_invoices`
--

CREATE TABLE `app_purchases_invoices` (
  `InvoiceId` int(10) UNSIGNED NOT NULL,
  `SupplierId` int(10) UNSIGNED NOT NULL,
  `PaymentType` tinyint(1) NOT NULL,
  `PaymentStatus` tinyint(1) NOT NULL,
  `Created` date NOT NULL,
  `Discount` decimal(8,2) DEFAULT NULL,
  `UserId` int(10) UNSIGNED NOT NULL
) ENGINE=InnoDB DEFAULT CHARSET=utf8;

-- --------------------------------------------------------

--
-- Table structure for table `app_purchases_invoices_details`
--

CREATE TABLE `app_purchases_invoices_details` (
  `Id` int(10) UNSIGNED NOT NULL,
  `ProductId` int(10) UNSIGNED NOT NULL,
  `Quantity` smallint(6) NOT NULL,
  `ProductPrice` decimal(7,2) NOT NULL,
  `InvoiceId` int(10) UNSIGNED NOT NULL
) ENGINE=InnoDB DEFAULT CHARSET=utf8;

-- --------------------------------------------------------

--
-- Table structure for table `app_purchases_invoices_receipts`
--

CREATE TABLE `app_purchases_invoices_receipts` (
  `ReceiptId` int(10) UNSIGNED NOT NULL,
  `InvoiceId` int(10) UNSIGNED NOT NULL,
  `PaymentType` tinyint(1) NOT NULL,
  `PaymentAmount` decimal(8,2) NOT NULL,
  `PaymentLiteral` varchar(60) NOT NULL,
  `BankName` varchar(30) DEFAULT NULL,
  `BankAccountNumber` varchar(30) DEFAULT NULL,
  `CheckNumber` varchar(15) DEFAULT NULL,
  `TransferedTo` varchar(30) DEFAULT NULL,
  `created` date NOT NULL,
  `UserId` int(10) UNSIGNED NOT NULL
) ENGINE=InnoDB DEFAULT CHARSET=utf8;

-- --------------------------------------------------------

--
-- Table structure for table `app_sales_invoices`
--

CREATE TABLE `app_sales_invoices` (
  `InvoiceId` int(10) UNSIGNED NOT NULL,
  `ClientId` int(10) UNSIGNED NOT NULL,
  `PaymentType` tinyint(1) NOT NULL,
  `PaymentStatus` tinyint(1) NOT NULL,
  `Created` date NOT NULL,
  `Discount` decimal(8,2) DEFAULT NULL,
  `UserId` int(10) UNSIGNED NOT NULL
) ENGINE=InnoDB DEFAULT CHARSET=utf8;

-- --------------------------------------------------------

--
-- Table structure for table `app_sales_invoices_details`
--

CREATE TABLE `app_sales_invoices_details` (
  `Id` int(10) UNSIGNED NOT NULL,
  `ProductId` int(10) UNSIGNED NOT NULL,
  `Quantity` smallint(6) NOT NULL,
  `ProductPrice` decimal(7,2) NOT NULL,
  `InvoiceId` int(10) UNSIGNED NOT NULL
) ENGINE=InnoDB DEFAULT CHARSET=utf8;

-- --------------------------------------------------------

--
-- Table structure for table `app_sales_invoices_receipts`
--

CREATE TABLE `app_sales_invoices_receipts` (
  `ReceiptId` int(10) UNSIGNED NOT NULL,
  `InvoiceId` int(10) UNSIGNED NOT NULL,
  `PaymentType` tinyint(1) NOT NULL,
  `PaymentAmount` decimal(8,2) NOT NULL,
  `PaymentLiteral` varchar(60) NOT NULL,
  `BankName` varchar(30) DEFAULT NULL,
  `BankAccountNumber` varchar(30) DEFAULT NULL,
  `CheckNumber` varchar(15) DEFAULT NULL,
  `TransferedTo` varchar(30) DEFAULT NULL,
  `created` date NOT NULL,
  `UserId` int(10) UNSIGNED NOT NULL
) ENGINE=InnoDB DEFAULT CHARSET=utf8;

-- --------------------------------------------------------

--
-- Table structure for table `app_suppliers`
--

CREATE TABLE `app_suppliers` (
  `SupplierId` int(10) UNSIGNED NOT NULL,
  `Name` varchar(40) NOT NULL,
  `PhoneNumber` varchar(15) NOT NULL,
  `Email` varchar(40) NOT NULL,
  `Address` varchar(50) NOT NULL
) ENGINE=InnoDB DEFAULT CHARSET=utf8;

-- --------------------------------------------------------

--
-- Table structure for table `app_users`
--

CREATE TABLE `app_users` (
  `UserId` int(10) UNSIGNED NOT NULL,
  `Username` varchar(12) NOT NULL,
  `Password` char(60) NOT NULL,
  `Email` varchar(40) NOT NULL,
  `PhoneNumber` varchar(15) DEFAULT NULL,
  `SubscriptionDate` date NOT NULL,
  `LastLogin` datetime NOT NULL,
  `GroupId` tinyint(1) UNSIGNED NOT NULL,
  `Status` tinyint(1) NOT NULL DEFAULT 1
) ENGINE=InnoDB DEFAULT CHARSET=utf8;

--
-- Dumping data for table `app_users`
--

INSERT INTO `app_users` (`UserId`, `Username`, `Password`, `Email`, `PhoneNumber`, `SubscriptionDate`, `LastLogin`, `GroupId`, `Status`) VALUES
(13, 'Loai', '$2y$10$YXM5f.l24Rr493T/LCPfDeuYKwlU5K.CeuUthqYkzS/rRoC8bi5OS', 'loai.mustafa76@gmail.com', '0778122927', '2021-07-21', '2021-07-23 18:44:09', 6, 1),
(14, 'Ahmad', '$2y$10$4M6DWf98Hc4zWh6.hpEZJu25HUFdUoBPblYXCwUqZxZswb5n39T2O', 'Ahmad@gmail.com', '0781234567', '2021-07-22', '2021-07-22 14:33:49', 5, 1);

-- --------------------------------------------------------

--
-- Table structure for table `app_users_groups`
--

CREATE TABLE `app_users_groups` (
  `GroupId` tinyint(1) UNSIGNED NOT NULL,
  `GroupName` varchar(20) NOT NULL
) ENGINE=InnoDB DEFAULT CHARSET=utf8;

--
-- Dumping data for table `app_users_groups`
--

INSERT INTO `app_users_groups` (`GroupId`, `GroupName`) VALUES
(5, 'محاسب'),
(6, 'مدير تطبيق');

-- --------------------------------------------------------

--
-- Table structure for table `app_users_groups_privileges`
--

CREATE TABLE `app_users_groups_privileges` (
  `Id` tinyint(3) UNSIGNED NOT NULL,
  `GroupId` tinyint(1) UNSIGNED NOT NULL,
  `privilegeId` tinyint(3) UNSIGNED NOT NULL
) ENGINE=InnoDB DEFAULT CHARSET=utf8;

--
-- Dumping data for table `app_users_groups_privileges`
--

INSERT INTO `app_users_groups_privileges` (`Id`, `GroupId`, `privilegeId`) VALUES
(23, 5, 2),
(24, 5, 3),
(27, 6, 2),
(28, 6, 3),
(29, 6, 4),
(30, 6, 5),
(31, 6, 6),
(32, 6, 7),
(35, 5, 6),
(36, 6, 12),
(37, 6, 13),
(38, 6, 14),
(39, 6, 15),
(40, 6, 16),
(41, 6, 17),
(42, 6, 18),
(43, 6, 19),
(44, 6, 20),
(45, 5, 13),
(46, 5, 16),
(47, 5, 19),
(48, 6, 21),
(49, 6, 22),
(50, 6, 23),
(51, 6, 24),
(52, 5, 24),
(53, 6, 28),
(54, 6, 29),
(55, 6, 30),
(56, 6, 32),
(57, 6, 33),
(73, 6, 34),
(74, 6, 35),
(75, 6, 36),
(76, 6, 37),
(77, 5, 4),
(78, 5, 29),
(79, 5, 34);

-- --------------------------------------------------------

--
-- Table structure for table `app_users_privileges`
--

CREATE TABLE `app_users_privileges` (
  `PrivilegeId` tinyint(3) UNSIGNED NOT NULL,
  `Privilege` varchar(30) NOT NULL,
  `PrivilegeTitle` varchar(30) NOT NULL
) ENGINE=InnoDB DEFAULT CHARSET=utf8;

--
-- Dumping data for table `app_users_privileges`
--

INSERT INTO `app_users_privileges` (`PrivilegeId`, `Privilege`, `PrivilegeTitle`) VALUES
(2, '/suppliers/add', 'إنشاء مورد جديد'),
(3, '/suppliers/edit', 'تعديل بيانات مورد'),
(4, '/suppliers/delete', 'حذف مورد'),
(5, '/clients/add', 'إنشاء عميل جديد'),
(6, '/clients/edit', 'تعديل بيانات عميل'),
(7, '/clients/delete', 'حذف عميل'),
(12, '/Permissions/add', 'إنشاء صلاحية'),
(13, '/Permissions/default', 'عرض الصلاحيات'),
(14, '/Permissions/edit', 'تعديل صلاحية'),
(15, '/users/add', 'إنشاء مستخدم'),
(16, '/users/default', 'عرض المستخدمين'),
(17, '/users/edit', 'تعديل مستخدم'),
(18, '/usersgroups/add', 'إنشاء مجموعة مستخدم'),
(19, '/usersgroups/default', 'عرض مجموعات المستخدمين'),
(20, '/usersgroups/edit', 'تعديل مجموعة مستخدم'),
(21, '/Permissions/delete', 'حذف صلاحية'),
(22, '/users/delete', 'حذف مستخدم'),
(23, '/usersgroups/delete', 'حذف مجموعة'),
(24, '/suppliers/default', 'عرض الموردين'),
(28, '/clients/default', 'عرض العملاء'),
(29, '/productcategories/default', 'عرض اقسام المنتجات'),
(30, '/productcategories/add', 'إنشاء قسم منتجات'),
(32, '/productcategories/edit', 'تعديل قسم منتجات'),
(33, '/productcategories/delete', 'حذف قسم منتجات'),
(34, '/productlist/default', 'عرض المنتجات'),
(35, '/productlist/add', 'إنشاء منتج'),
(36, '/productlist/edit', 'تعديل بينات منتج'),
(37, '/productlist/delete', 'حذف منتج');

-- --------------------------------------------------------

--
-- Table structure for table `app_users_profiles`
--

CREATE TABLE `app_users_profiles` (
  `UserId` int(10) UNSIGNED NOT NULL,
  `FirstName` varchar(40) NOT NULL,
  `LastName` varchar(10) NOT NULL,
  `Address` varchar(50) DEFAULT NULL,
  `BOD` date DEFAULT NULL,
  `Image` varchar(40) DEFAULT NULL
) ENGINE=InnoDB DEFAULT CHARSET=utf8;

--
-- Dumping data for table `app_users_profiles`
--

INSERT INTO `app_users_profiles` (`UserId`, `FirstName`, `LastName`, `Address`, `BOD`, `Image`) VALUES
(13, 'لؤي', 'مصطفى', NULL, NULL, NULL),
(14, 'احمد', 'مصطفى', NULL, NULL, NULL);

--
-- Indexes for dumped tables
--

--
-- Indexes for table `app_clients`
--
ALTER TABLE `app_clients`
  ADD PRIMARY KEY (`ClientId`);

--
-- Indexes for table `app_employees`
--
ALTER TABLE `app_employees`
  ADD PRIMARY KEY (`id`);

--
-- Indexes for table `app_expenses_categories`
--
ALTER TABLE `app_expenses_categories`
  ADD PRIMARY KEY (`ExpenseId`);

--
-- Indexes for table `app_expenses_daily_list`
--
ALTER TABLE `app_expenses_daily_list`
  ADD PRIMARY KEY (`DExpenseId`),
  ADD KEY `ExpenseId` (`ExpenseId`),
  ADD KEY `UserId` (`UserId`);

--
-- Indexes for table `app_notifications`
--
ALTER TABLE `app_notifications`
  ADD PRIMARY KEY (`NotificationId`),
  ADD KEY `UserId` (`UserId`);

--
-- Indexes for table `app_products_categories`
--
ALTER TABLE `app_products_categories`
  ADD PRIMARY KEY (`CategoryId`);

--
-- Indexes for table `app_products_list`
--
ALTER TABLE `app_products_list`
  ADD PRIMARY KEY (`ProductId`),
  ADD KEY `CategoryId` (`CategoryId`);

--
-- Indexes for table `app_purchases_invoices`
--
ALTER TABLE `app_purchases_invoices`
  ADD PRIMARY KEY (`InvoiceId`),
  ADD KEY `SupplierId` (`SupplierId`),
  ADD KEY `UserId` (`UserId`);

--
-- Indexes for table `app_purchases_invoices_details`
--
ALTER TABLE `app_purchases_invoices_details`
  ADD PRIMARY KEY (`Id`),
  ADD KEY `ProductId` (`ProductId`),
  ADD KEY `InvoiceId` (`InvoiceId`);

--
-- Indexes for table `app_purchases_invoices_receipts`
--
ALTER TABLE `app_purchases_invoices_receipts`
  ADD PRIMARY KEY (`ReceiptId`),
  ADD KEY `InvoiceId` (`InvoiceId`),
  ADD KEY `UserId` (`UserId`);

--
-- Indexes for table `app_sales_invoices`
--
ALTER TABLE `app_sales_invoices`
  ADD PRIMARY KEY (`InvoiceId`),
  ADD KEY `ClientId` (`ClientId`),
  ADD KEY `UserId` (`UserId`);

--
-- Indexes for table `app_sales_invoices_details`
--
ALTER TABLE `app_sales_invoices_details`
  ADD PRIMARY KEY (`Id`),
  ADD KEY `ProductId` (`ProductId`),
  ADD KEY `InvoiceId` (`InvoiceId`);

--
-- Indexes for table `app_sales_invoices_receipts`
--
ALTER TABLE `app_sales_invoices_receipts`
  ADD PRIMARY KEY (`ReceiptId`),
  ADD KEY `InvoiceId` (`InvoiceId`),
  ADD KEY `UserId` (`UserId`);

--
-- Indexes for table `app_suppliers`
--
ALTER TABLE `app_suppliers`
  ADD PRIMARY KEY (`SupplierId`);

--
-- Indexes for table `app_users`
--
ALTER TABLE `app_users`
  ADD PRIMARY KEY (`UserId`),
  ADD UNIQUE KEY `Username` (`Username`),
  ADD UNIQUE KEY `Email` (`Email`),
  ADD KEY `GroupId` (`GroupId`);

--
-- Indexes for table `app_users_groups`
--
ALTER TABLE `app_users_groups`
  ADD PRIMARY KEY (`GroupId`);

--
-- Indexes for table `app_users_groups_privileges`
--
ALTER TABLE `app_users_groups_privileges`
  ADD PRIMARY KEY (`Id`),
  ADD KEY `GroupId` (`GroupId`),
  ADD KEY `privilegeId` (`privilegeId`);

--
-- Indexes for table `app_users_privileges`
--
ALTER TABLE `app_users_privileges`
  ADD PRIMARY KEY (`PrivilegeId`);

--
-- Indexes for table `app_users_profiles`
--
ALTER TABLE `app_users_profiles`
  ADD PRIMARY KEY (`UserId`);

--
-- AUTO_INCREMENT for dumped tables
--

--
-- AUTO_INCREMENT for table `app_clients`
--
ALTER TABLE `app_clients`
  MODIFY `ClientId` int(10) UNSIGNED NOT NULL AUTO_INCREMENT, AUTO_INCREMENT=3;

--
-- AUTO_INCREMENT for table `app_employees`
--
ALTER TABLE `app_employees`
  MODIFY `id` int(10) UNSIGNED NOT NULL AUTO_INCREMENT, AUTO_INCREMENT=4;

--
-- AUTO_INCREMENT for table `app_expenses_categories`
--
ALTER TABLE `app_expenses_categories`
  MODIFY `ExpenseId` tinyint(3) UNSIGNED NOT NULL AUTO_INCREMENT;

--
-- AUTO_INCREMENT for table `app_expenses_daily_list`
--
ALTER TABLE `app_expenses_daily_list`
  MODIFY `DExpenseId` int(10) UNSIGNED NOT NULL AUTO_INCREMENT;

--
-- AUTO_INCREMENT for table `app_notifications`
--
ALTER TABLE `app_notifications`
  MODIFY `NotificationId` int(10) UNSIGNED NOT NULL AUTO_INCREMENT;

--
-- AUTO_INCREMENT for table `app_products_categories`
--
ALTER TABLE `app_products_categories`
  MODIFY `CategoryId` int(10) UNSIGNED NOT NULL AUTO_INCREMENT, AUTO_INCREMENT=15;

--
-- AUTO_INCREMENT for table `app_products_list`
--
ALTER TABLE `app_products_list`
  MODIFY `ProductId` int(10) UNSIGNED NOT NULL AUTO_INCREMENT, AUTO_INCREMENT=3;

--
-- AUTO_INCREMENT for table `app_purchases_invoices`
--
ALTER TABLE `app_purchases_invoices`
  MODIFY `InvoiceId` int(10) UNSIGNED NOT NULL AUTO_INCREMENT;

--
-- AUTO_INCREMENT for table `app_purchases_invoices_details`
--
ALTER TABLE `app_purchases_invoices_details`
  MODIFY `Id` int(10) UNSIGNED NOT NULL AUTO_INCREMENT;

--
-- AUTO_INCREMENT for table `app_purchases_invoices_receipts`
--
ALTER TABLE `app_purchases_invoices_receipts`
  MODIFY `ReceiptId` int(10) UNSIGNED NOT NULL AUTO_INCREMENT;

--
-- AUTO_INCREMENT for table `app_sales_invoices`
--
ALTER TABLE `app_sales_invoices`
  MODIFY `InvoiceId` int(10) UNSIGNED NOT NULL AUTO_INCREMENT;

--
-- AUTO_INCREMENT for table `app_sales_invoices_details`
--
ALTER TABLE `app_sales_invoices_details`
  MODIFY `Id` int(10) UNSIGNED NOT NULL AUTO_INCREMENT;

--
-- AUTO_INCREMENT for table `app_sales_invoices_receipts`
--
ALTER TABLE `app_sales_invoices_receipts`
  MODIFY `ReceiptId` int(10) UNSIGNED NOT NULL AUTO_INCREMENT;

--
-- AUTO_INCREMENT for table `app_suppliers`
--
ALTER TABLE `app_suppliers`
  MODIFY `SupplierId` int(10) UNSIGNED NOT NULL AUTO_INCREMENT, AUTO_INCREMENT=3;

--
-- AUTO_INCREMENT for table `app_users`
--
ALTER TABLE `app_users`
  MODIFY `UserId` int(10) UNSIGNED NOT NULL AUTO_INCREMENT, AUTO_INCREMENT=15;

--
-- AUTO_INCREMENT for table `app_users_groups`
--
ALTER TABLE `app_users_groups`
  MODIFY `GroupId` tinyint(1) UNSIGNED NOT NULL AUTO_INCREMENT, AUTO_INCREMENT=11;

--
-- AUTO_INCREMENT for table `app_users_groups_privileges`
--
ALTER TABLE `app_users_groups_privileges`
  MODIFY `Id` tinyint(3) UNSIGNED NOT NULL AUTO_INCREMENT, AUTO_INCREMENT=80;

--
-- AUTO_INCREMENT for table `app_users_privileges`
--
ALTER TABLE `app_users_privileges`
  MODIFY `PrivilegeId` tinyint(3) UNSIGNED NOT NULL AUTO_INCREMENT, AUTO_INCREMENT=38;

--
-- AUTO_INCREMENT for table `app_users_profiles`
--
ALTER TABLE `app_users_profiles`
  MODIFY `UserId` int(10) UNSIGNED NOT NULL AUTO_INCREMENT, AUTO_INCREMENT=15;

--
-- Constraints for dumped tables
--

--
-- Constraints for table `app_expenses_daily_list`
--
ALTER TABLE `app_expenses_daily_list`
  ADD CONSTRAINT `app_expenses_daily_list_ibfk_1` FOREIGN KEY (`ExpenseId`) REFERENCES `app_expenses_categories` (`ExpenseId`),
  ADD CONSTRAINT `app_expenses_daily_list_ibfk_2` FOREIGN KEY (`UserId`) REFERENCES `app_users` (`UserId`);

--
-- Constraints for table `app_notifications`
--
ALTER TABLE `app_notifications`
  ADD CONSTRAINT `app_notifications_ibfk_1` FOREIGN KEY (`UserId`) REFERENCES `app_users` (`UserId`);

--
-- Constraints for table `app_products_list`
--
ALTER TABLE `app_products_list`
  ADD CONSTRAINT `app_products_list_ibfk_1` FOREIGN KEY (`CategoryId`) REFERENCES `app_products_categories` (`CategoryId`);

--
-- Constraints for table `app_purchases_invoices`
--
ALTER TABLE `app_purchases_invoices`
  ADD CONSTRAINT `app_purchases_invoices_ibfk_1` FOREIGN KEY (`SupplierId`) REFERENCES `app_suppliers` (`SupplierId`),
  ADD CONSTRAINT `app_purchases_invoices_ibfk_2` FOREIGN KEY (`UserId`) REFERENCES `app_users` (`UserId`);

--
-- Constraints for table `app_purchases_invoices_details`
--
ALTER TABLE `app_purchases_invoices_details`
  ADD CONSTRAINT `app_purchases_invoices_details_ibfk_1` FOREIGN KEY (`ProductId`) REFERENCES `app_products_list` (`ProductId`),
  ADD CONSTRAINT `app_purchases_invoices_details_ibfk_2` FOREIGN KEY (`InvoiceId`) REFERENCES `app_purchases_invoices` (`InvoiceId`);

--
-- Constraints for table `app_purchases_invoices_receipts`
--
ALTER TABLE `app_purchases_invoices_receipts`
  ADD CONSTRAINT `app_purchases_invoices_receipts_ibfk_1` FOREIGN KEY (`InvoiceId`) REFERENCES `app_purchases_invoices` (`InvoiceId`),
  ADD CONSTRAINT `app_purchases_invoices_receipts_ibfk_2` FOREIGN KEY (`UserId`) REFERENCES `app_users` (`UserId`);

--
-- Constraints for table `app_sales_invoices`
--
ALTER TABLE `app_sales_invoices`
  ADD CONSTRAINT `app_sales_invoices_ibfk_1` FOREIGN KEY (`ClientId`) REFERENCES `app_clients` (`ClientId`),
  ADD CONSTRAINT `app_sales_invoices_ibfk_2` FOREIGN KEY (`UserId`) REFERENCES `app_users` (`UserId`);

--
-- Constraints for table `app_sales_invoices_details`
--
ALTER TABLE `app_sales_invoices_details`
  ADD CONSTRAINT `app_sales_invoices_details_ibfk_1` FOREIGN KEY (`ProductId`) REFERENCES `app_products_list` (`ProductId`),
  ADD CONSTRAINT `app_sales_invoices_details_ibfk_2` FOREIGN KEY (`InvoiceId`) REFERENCES `app_sales_invoices` (`InvoiceId`);

--
-- Constraints for table `app_sales_invoices_receipts`
--
ALTER TABLE `app_sales_invoices_receipts`
  ADD CONSTRAINT `app_sales_invoices_receipts_ibfk_1` FOREIGN KEY (`InvoiceId`) REFERENCES `app_sales_invoices` (`InvoiceId`),
  ADD CONSTRAINT `app_sales_invoices_receipts_ibfk_2` FOREIGN KEY (`UserId`) REFERENCES `app_users` (`UserId`);

--
-- Constraints for table `app_users`
--
ALTER TABLE `app_users`
  ADD CONSTRAINT `app_users_ibfk_1` FOREIGN KEY (`GroupId`) REFERENCES `app_users_groups` (`GroupId`);

--
-- Constraints for table `app_users_groups_privileges`
--
ALTER TABLE `app_users_groups_privileges`
  ADD CONSTRAINT `app_users_groups_privileges_ibfk_1` FOREIGN KEY (`GroupId`) REFERENCES `app_users_groups` (`GroupId`),
  ADD CONSTRAINT `app_users_groups_privileges_ibfk_2` FOREIGN KEY (`privilegeId`) REFERENCES `app_users_privileges` (`PrivilegeId`);

--
-- Constraints for table `app_users_profiles`
--
ALTER TABLE `app_users_profiles`
  ADD CONSTRAINT `app_users_profiles_ibfk_1` FOREIGN KEY (`UserId`) REFERENCES `app_users` (`UserId`) ON DELETE CASCADE ON UPDATE CASCADE;
COMMIT;

/*!40101 SET CHARACTER_SET_CLIENT=@OLD_CHARACTER_SET_CLIENT */;
/*!40101 SET CHARACTER_SET_RESULTS=@OLD_CHARACTER_SET_RESULTS */;
/*!40101 SET COLLATION_CONNECTION=@OLD_COLLATION_CONNECTION */;
